{"name":"CheckFirstICUVisit","identifier":"CCZZQUYQEG","description":"Check whether this is the first time this patient has visited the ICU","parentIntentSignature":null,"sampleUtterances":[{"utterance":"Has {name} visited ICU before?"},{"utterance":"Did {name} ever visit ICU?"},{"utterance":"Is this his first ICU visit?"},{"utterance":"Is this her first ICU visit?"}],"intentConfirmationSetting":null,"intentClosingSetting":null,"inputContexts":[{"name":"contextProvideName","turnsToLive":null,"timeToLiveInSeconds":null}],"outputContexts":[{"name":"contextCheckFirstICUVisit","turnsToLive":5,"timeToLiveInSeconds":90}],"kendraConfiguration":null,"dialogCodeHook":null,"fulfillmentCodeHook":{"postFulfillmentStatusSpecification":{"failureResponse":{"messageGroupsList":[{"message":{"ssmlMessage":null,"customPayload":null,"plainTextMessage":{"value":"Sorry, I cannot find this patient's record"},"imageResponseCard":null},"variations":null}],"allowInterrupt":true},"successResponse":{"messageGroupsList":[{"message":{"ssmlMessage":null,"customPayload":null,"plainTextMessage":{"value":"No, this patient has been to ICU before."},"imageResponseCard":null},"variations":[{"ssmlMessage":null,"customPayload":null,"plainTextMessage":{"value":"No, this patient was sent to the ICU before."},"imageResponseCard":null}]}],"allowInterrupt":true},"timeoutResponse":null},"fulfillmentUpdatesSpecification":null,"enabled":false},"slotPriorities":[{"priority":1,"slotName":"name"}]}