{"name":"AskForGene","identifier":"SEHS5MPE5C","description":"Ask for the gene associated with the disease","parentIntentSignature":null,"sampleUtterances":[{"utterance":"What genes are associated with {disease_name}"},{"utterance":"What genes are involved in {disease_name}"},{"utterance":"Tell me the relevant genes for {disease_name}"},{"utterance":"Genes connected to {disease_name}"},{"utterance":"Any genes are known with {disease_name} "},{"utterance":"{disease_name} genomic information"}],"intentConfirmationSetting":null,"intentClosingSetting":null,"inputContexts":null,"outputContexts":null,"kendraConfiguration":null,"dialogCodeHook":null,"fulfillmentCodeHook":{"postFulfillmentStatusSpecification":null,"fulfillmentUpdatesSpecification":null,"enabled":true},"slotPriorities":[{"priority":1,"slotName":"disease_name"}]}