{"name":"AskForPathogen","identifier":"LIPZGUZ1MD","description":"Ask for pathogen","parentIntentSignature":null,"sampleUtterances":[{"utterance":"What bug causes {diseaseName}"},{"utterance":"Which organism causes {diseaseName}"},{"utterance":"Which pathogen causes {diseaseName}"},{"utterance":"{diseaseName} is caused by which organism"},{"utterance":"{diseaseName} is caused by which pathogen"}],"intentConfirmationSetting":null,"intentClosingSetting":null,"inputContexts":null,"outputContexts":null,"kendraConfiguration":null,"dialogCodeHook":null,"fulfillmentCodeHook":{"postFulfillmentStatusSpecification":null,"fulfillmentUpdatesSpecification":null,"enabled":true},"slotPriorities":[{"priority":1,"slotName":"diseaseName"}]}