{"name":"AskForDrug","identifier":"AUYYGSFNIE","description":"Ask doctor.ai for drug that treats a certain disease","parentIntentSignature":null,"sampleUtterances":[{"utterance":"Which drug treats {disease_name}"},{"utterance":"Which medicine treats {disease_name}"},{"utterance":"Are there any medicines that we can use against {disease_name}"},{"utterance":"Tell me the medicine against {disease_name}"},{"utterance":"Tell me the drug against {disease_name}"}],"intentConfirmationSetting":null,"intentClosingSetting":null,"inputContexts":null,"outputContexts":null,"kendraConfiguration":null,"dialogCodeHook":null,"fulfillmentCodeHook":{"postFulfillmentStatusSpecification":null,"fulfillmentUpdatesSpecification":null,"enabled":true},"slotPriorities":[{"priority":1,"slotName":"disease_name"}]}