{"name":"name","identifier":"JMUBTM5OY1","description":null,"slotTypeName":"AMAZON.AlphaNumeric","obfuscationSetting":null,"valueElicitationSetting":{"promptSpecification":{"messageGroupsList":[{"message":{"ssmlMessage":null,"customPayload":null,"plainTextMessage":{"value":"What is the patient's name please?"},"imageResponseCard":null},"variations":[{"ssmlMessage":null,"customPayload":null,"plainTextMessage":{"value":"Please tell me the patient's name."},"imageResponseCard":null}]}],"maxRetries":4,"allowInterrupt":true},"slotConstraint":"Required","defaultValueSpecification":{"defaultValueList":[{"defaultValue":"#contextProvideName.name"},{"defaultValue":"#contextCheckFirstICUVisit.name"}]},"sampleUtterances":null,"waitAndContinueSpecification":null},"multipleValuesSetting":null}