{"name":"AskForDiagnosesFromSymptom","identifier":"I9EIC3JOZX","description":"Ask Doctor.ai for a list of candidate diagnoses given a list of symptoms","parentIntentSignature":null,"sampleUtterances":[{"utterance":"I have {symptom} . So what kinds of diseases do I have?"},{"utterance":"I have {symptom} . So what kinds of diseases can it be?"},{"utterance":"I feel {symptom} . What could the causes?"}],"intentConfirmationSetting":null,"intentClosingSetting":null,"inputContexts":null,"outputContexts":null,"kendraConfiguration":null,"dialogCodeHook":null,"fulfillmentCodeHook":{"postFulfillmentStatusSpecification":null,"fulfillmentUpdatesSpecification":null,"enabled":true},"slotPriorities":[{"priority":1,"slotName":"symptom"}]}