{"name":"AskForDiseaseDescription","identifier":"V9XS8EEQDV","description":"Ask for description of the disease, if it exists","parentIntentSignature":null,"sampleUtterances":[{"utterance":"Tell me more about {diseaseName}"},{"utterance":"Give me some details about {diseaseName}"},{"utterance":"What is {diseaseName}"},{"utterance":"Describe {diseaseName}"}],"intentConfirmationSetting":null,"intentClosingSetting":null,"inputContexts":null,"outputContexts":null,"kendraConfiguration":null,"dialogCodeHook":null,"fulfillmentCodeHook":{"postFulfillmentStatusSpecification":null,"fulfillmentUpdatesSpecification":null,"enabled":true},"slotPriorities":[{"priority":1,"slotName":"diseaseName"}]}