{"name":"AskForGeneticDiseases","identifier":"RJG1RYH20H","description":"report back all the genetic diseases that a patient have","parentIntentSignature":null,"sampleUtterances":[{"utterance":"Which genetic diseases does {name} have?"},{"utterance":"Which genetic disorders does {name} have?"},{"utterance":"Does {name} have any genetic diseases?"},{"utterance":"Does he have any genetic diseases?"},{"utterance":"Does she have any genetic diseases?"},{"utterance":"Which genetic diseases does he have?"},{"utterance":"Which genetic diseases does she have?"},{"utterance":"Which genetic disorders does he have?"},{"utterance":"Which genetic disorders does she have?"}],"intentConfirmationSetting":null,"intentClosingSetting":null,"inputContexts":[{"name":"contextProvideName","turnsToLive":null,"timeToLiveInSeconds":null},{"name":"contextCheckFirstICUVisit","turnsToLive":null,"timeToLiveInSeconds":null},{"name":"contextCountICUVisit","turnsToLive":null,"timeToLiveInSeconds":null}],"outputContexts":null,"kendraConfiguration":null,"dialogCodeHook":null,"fulfillmentCodeHook":{"postFulfillmentStatusSpecification":{"failureResponse":{"messageGroupsList":[{"message":{"ssmlMessage":null,"customPayload":null,"plainTextMessage":{"value":"Somehow I can't get anything about this patient's genetic information."},"imageResponseCard":null},"variations":null}],"allowInterrupt":true},"successResponse":null,"timeoutResponse":null},"fulfillmentUpdatesSpecification":null,"enabled":true},"slotPriorities":[{"priority":1,"slotName":"name"}]}