{"name":"name","identifier":"BRQDB3TOPT","description":null,"slotTypeName":"AMAZON.AlphaNumeric","obfuscationSetting":null,"valueElicitationSetting":{"waitAndContinueSpecification":null,"promptSpecification":{"messageGroupsList":[{"message":{"ssmlMessage":null,"customPayload":null,"plainTextMessage":{"value":"What is the patient's name?"},"imageResponseCard":null},"variations":null}],"maxRetries":4,"allowInterrupt":true},"slotConstraint":"Required","defaultValueSpecification":{"defaultValueList":[{"defaultValue":"#contextCheckFirstICUVisit.name"},{"defaultValue":"#contextCountICUVisit.name"},{"defaultValue":"#contextProvideName.name"}]},"sampleUtterances":null},"multipleValuesSetting":null}