{"name":"symptom_type","identifier":"NTMVRUK364","description":null,"slotTypeValues":[{"synonyms":null,"sampleValue":{"value":"Pain, Referred"}},{"synonyms":null,"sampleValue":{"value":"Sleep Apnea, Central"}},{"synonyms":null,"sampleValue":{"value":"Purpura, Thrombocytopenic"}},{"synonyms":null,"sampleValue":{"value":"Muscle Rigidity"}},{"synonyms":null,"sampleValue":{"value":"Hyperalgesia"}},{"synonyms":null,"sampleValue":{"value":"Motion Sickness"}},{"synonyms":null,"sampleValue":{"value":"Apraxia, Ideomotor"}},{"synonyms":null,"sampleValue":{"value":"Visceral Pain"}},{"synonyms":null,"sampleValue":{"value":"Sarcopenia"}},{"synonyms":null,"sampleValue":{"value":"Arthralgia"}},{"synonyms":null,"sampleValue":{"value":"Synkinesis"}},{"synonyms":null,"sampleValue":{"value":"Facial Paralysis"}},{"synonyms":null,"sampleValue":{"value":"Chronic Pain"}},{"synonyms":null,"sampleValue":{"value":"Urinary Bladder, Neurogenic"}},{"synonyms":null,"sampleValue":{"value":"Labor Pain"}},{"synonyms":null,"sampleValue":{"value":"Sleep Arousal Disorders"}},{"synonyms":null,"sampleValue":{"value":"Heartburn"}},{"synonyms":null,"sampleValue":{"value":"Amnesia"}},{"synonyms":null,"sampleValue":{"value":"WAGR Syndrome"}},{"synonyms":null,"sampleValue":{"value":"Syncope"}},{"synonyms":null,"sampleValue":{"value":"Tremor"}},{"synonyms":null,"sampleValue":{"value":"Polydipsia, Psychogenic"}},{"synonyms":null,"sampleValue":{"value":"Body Weight Changes"}},{"synonyms":null,"sampleValue":{"value":"Feminization"}},{"synonyms":null,"sampleValue":{"value":"Tinea Pedis"}},{"synonyms":null,"sampleValue":{"value":"Hematemesis"}},{"synonyms":null,"sampleValue":{"value":"Post-Exercise Hypotension"}},{"synonyms":null,"sampleValue":{"value":"Hot Flashes"}},{"synonyms":null,"sampleValue":{"value":"Earache"}},{"synonyms":null,"sampleValue":{"value":"Dyspnea, Paroxysmal"}},{"synonyms":null,"sampleValue":{"value":"Adrenoleukodystrophy"}},{"synonyms":null,"sampleValue":{"value":"Lethargy"}},{"synonyms":null,"sampleValue":{"value":"Tachypnea"}},{"synonyms":null,"sampleValue":{"value":"Cough"}},{"synonyms":null,"sampleValue":{"value":"Pain, Postoperative"}},{"synonyms":null,"sampleValue":{"value":"Failure to Thrive"}},{"synonyms":null,"sampleValue":{"value":"Urinary Incontinence"}},{"synonyms":null,"sampleValue":{"value":"Consciousness Disorders"}},{"synonyms":null,"sampleValue":{"value":"Tics"}},{"synonyms":null,"sampleValue":{"value":"Neurobehavioral Manifestations"}},{"synonyms":null,"sampleValue":{"value":"Colic"}},{"synonyms":null,"sampleValue":{"value":"Kearns-Sayre Syndrome"}},{"synonyms":null,"sampleValue":{"value":"Stuttering"}},{"synonyms":null,"sampleValue":{"value":"Agraphia"}},{"synonyms":null,"sampleValue":{"value":"Lower Urinary Tract Symptoms"}},{"synonyms":null,"sampleValue":{"value":"Aphonia"}},{"synonyms":null,"sampleValue":{"value":"Chorea"}},{"synonyms":null,"sampleValue":{"value":"Albuminuria"}},{"synonyms":null,"sampleValue":{"value":"Myokymia"}},{"synonyms":null,"sampleValue":{"value":"Pruritus Vulvae"}},{"synonyms":null,"sampleValue":{"value":"Facial Pain"}},{"synonyms":null,"sampleValue":{"value":"Phantom Limb"}},{"synonyms":null,"sampleValue":{"value":"Hearing Loss, Central"}},{"synonyms":null,"sampleValue":{"value":"Brown-Sequard Syndrome"}},{"synonyms":null,"sampleValue":{"value":"Flank Pain"}},{"synonyms":null,"sampleValue":{"value":"Dysarthria"}},{"synonyms":null,"sampleValue":{"value":"Seizures"}},{"synonyms":null,"sampleValue":{"value":"Constipation"}},{"synonyms":null,"sampleValue":{"value":"Insomnia, Fatal Familial"}},{"synonyms":null,"sampleValue":{"value":"Hirsutism"}},{"synonyms":null,"sampleValue":{"value":"Schnitzler Syndrome"}},{"synonyms":null,"sampleValue":{"value":"Somatosensory Disorders"}},{"synonyms":null,"sampleValue":{"value":"Hemifacial Spasm"}},{"synonyms":null,"sampleValue":{"value":"Cerebrospinal Fluid Leak"}},{"synonyms":null,"sampleValue":{"value":"Pallor"}},{"synonyms":null,"sampleValue":{"value":"Brain Death"}},{"synonyms":null,"sampleValue":{"value":"Muscle Spasticity"}},{"synonyms":null,"sampleValue":{"value":"Communication Disorders"}},{"synonyms":null,"sampleValue":{"value":"Hyperkinesis"}},{"synonyms":null,"sampleValue":{"value":"Trismus"}},{"synonyms":null,"sampleValue":{"value":"Hemoptysis"}},{"synonyms":null,"sampleValue":{"value":"Gait Ataxia"}},{"synonyms":null,"sampleValue":{"value":"Catalepsy"}},{"synonyms":null,"sampleValue":{"value":"Systolic Murmurs"}},{"synonyms":null,"sampleValue":{"value":"Pyruvate Dehydrogenase Complex Deficiency Disease"}},{"synonyms":null,"sampleValue":{"value":"Coma, Post-Head Injury"}},{"synonyms":null,"sampleValue":{"value":"Miosis"}},{"synonyms":null,"sampleValue":{"value":"Hearing Loss, Conductive"}},{"synonyms":null,"sampleValue":{"value":"Asthenia"}},{"synonyms":null,"sampleValue":{"value":"Alexia, Pure"}},{"synonyms":null,"sampleValue":{"value":"Persistent Vegetative State"}},{"synonyms":null,"sampleValue":{"value":"Rett Syndrome"}},{"synonyms":null,"sampleValue":{"value":"Deafness"}},{"synonyms":null,"sampleValue":{"value":"Prodromal Symptoms"}},{"synonyms":null,"sampleValue":{"value":"Dyspnea"}},{"synonyms":null,"sampleValue":{"value":"Cafe-au-Lait Spots"}},{"synonyms":null,"sampleValue":{"value":"Aphasia, Broca"}},{"synonyms":null,"sampleValue":{"value":"Fetal Weight"}},{"synonyms":null,"sampleValue":{"value":"Ataxia Telangiectasia"}},{"synonyms":null,"sampleValue":{"value":"Dysmenorrhea"}},{"synonyms":null,"sampleValue":{"value":"Cachexia"}},{"synonyms":null,"sampleValue":{"value":"Opsoclonus-Myoclonus Syndrome"}},{"synonyms":null,"sampleValue":{"value":"Virilism"}},{"synonyms":null,"sampleValue":{"value":"Polyuria"}},{"synonyms":null,"sampleValue":{"value":"Polydipsia"}},{"synonyms":null,"sampleValue":{"value":"Dyscalculia"}},{"synonyms":null,"sampleValue":{"value":"Hemianopsia"}},{"synonyms":null,"sampleValue":{"value":"Oliguria"}},{"synonyms":null,"sampleValue":{"value":"Eructation"}},{"synonyms":null,"sampleValue":{"value":"Presbycusis"}},{"synonyms":null,"sampleValue":{"value":"Jet Lag Syndrome"}},{"synonyms":null,"sampleValue":{"value":"Pediatric Obesity"}},{"synonyms":null,"sampleValue":{"value":"Anoxia"}},{"synonyms":null,"sampleValue":{"value":"Sneezing"}},{"synonyms":null,"sampleValue":{"value":"Hoarseness"}},{"synonyms":null,"sampleValue":{"value":"Scotoma"}},{"synonyms":null,"sampleValue":{"value":"Apraxias"}},{"synonyms":null,"sampleValue":{"value":"Weight Loss"}},{"synonyms":null,"sampleValue":{"value":"Learning Disorders"}},{"synonyms":null,"sampleValue":{"value":"Decerebrate State"}},{"synonyms":null,"sampleValue":{"value":"Abdominal Pain"}},{"synonyms":null,"sampleValue":{"value":"Toothache"}},{"synonyms":null,"sampleValue":{"value":"Acute Coronary Syndrome"}},{"synonyms":null,"sampleValue":{"value":"Dyspepsia"}},{"synonyms":null,"sampleValue":{"value":"Meningism"}},{"synonyms":null,"sampleValue":{"value":"Choroid Hemorrhage"}},{"synonyms":null,"sampleValue":{"value":"Hearing Loss, Mixed Conductive-Sensorineural"}},{"synonyms":null,"sampleValue":{"value":"Urinary Bladder, Overactive"}},{"synonyms":null,"sampleValue":{"value":"Sleep Disorders, Intrinsic"}},{"synonyms":null,"sampleValue":{"value":"Alien Hand Syndrome"}},{"synonyms":null,"sampleValue":{"value":"Fetal Hypoxia"}},{"synonyms":null,"sampleValue":{"value":"Aphasia, Wernicke"}},{"synonyms":null,"sampleValue":{"value":"Ophthalmoplegia, Chronic Progressive External"}},{"synonyms":null,"sampleValue":{"value":"Sciatica"}},{"synonyms":null,"sampleValue":{"value":"Mucopolysaccharidosis II"}},{"synonyms":null,"sampleValue":{"value":"Tinnitus"}},{"synonyms":null,"sampleValue":{"value":"Nocturnal Paroxysmal Dystonia"}},{"synonyms":null,"sampleValue":{"value":"Speech Disorders"}},{"synonyms":null,"sampleValue":{"value":"Monoclonal Gammopathy of Undetermined Significance"}},{"synonyms":null,"sampleValue":{"value":"Tonic Pupil"}},{"synonyms":null,"sampleValue":{"value":"Waterhouse-Friderichsen Syndrome"}},{"synonyms":null,"sampleValue":{"value":"Somnambulism"}},{"synonyms":null,"sampleValue":{"value":"Akathisia, Drug-Induced"}},{"synonyms":null,"sampleValue":{"value":"Urinary Incontinence, Stress"}},{"synonyms":null,"sampleValue":{"value":"Purpura, Hyperglobulinemic"}},{"synonyms":null,"sampleValue":{"value":"Allesthesia"}},{"synonyms":null,"sampleValue":{"value":"Perceptual Disorders"}},{"synonyms":null,"sampleValue":{"value":"Encopresis"}},{"synonyms":null,"sampleValue":{"value":"Chills"}},{"synonyms":null,"sampleValue":{"value":"Hyphema"}},{"synonyms":null,"sampleValue":{"value":"Eye Hemorrhage"}},{"synonyms":null,"sampleValue":{"value":"Hydrops Fetalis"}},{"synonyms":null,"sampleValue":{"value":"Ataxia"}},{"synonyms":null,"sampleValue":{"value":"Mouth Breathing"}},{"synonyms":null,"sampleValue":{"value":"Dizziness"}},{"synonyms":null,"sampleValue":{"value":"Primary Progressive Nonfluent Aphasia"}},{"synonyms":null,"sampleValue":{"value":"Emaciation"}},{"synonyms":null,"sampleValue":{"value":"Failed Back Surgery Syndrome"}},{"synonyms":null,"sampleValue":{"value":"Vision Disorders"}},{"synonyms":null,"sampleValue":{"value":"Horner Syndrome"}},{"synonyms":null,"sampleValue":{"value":"Hypesthesia"}},{"synonyms":null,"sampleValue":{"value":"Dyskinesias"}},{"synonyms":null,"sampleValue":{"value":"Pain"}},{"synonyms":null,"sampleValue":{"value":"Auditory Perceptual Disorders"}},{"synonyms":null,"sampleValue":{"value":"Gait Disorders, Neurologic"}},{"synonyms":null,"sampleValue":{"value":"Myotonia"}},{"synonyms":null,"sampleValue":{"value":"Fatigue"}},{"synonyms":null,"sampleValue":{"value":"Hyperlactatemia"}},{"synonyms":null,"sampleValue":{"value":"Hemiplegia"}},{"synonyms":null,"sampleValue":{"value":"Coffin-Lowry Syndrome"}},{"synonyms":null,"sampleValue":{"value":"Dysphonia"}},{"synonyms":null,"sampleValue":{"value":"Coma"}},{"synonyms":null,"sampleValue":{"value":"Paresis"}},{"synonyms":null,"sampleValue":{"value":"Insulin Coma"}},{"synonyms":null,"sampleValue":{"value":"Nocturia"}},{"synonyms":null,"sampleValue":{"value":"Dysgeusia"}},{"synonyms":null,"sampleValue":{"value":"Mobility Limitation"}},{"synonyms":null,"sampleValue":{"value":"Hyperemesis Gravidarum"}},{"synonyms":null,"sampleValue":{"value":"Prader-Willi Syndrome"}},{"synonyms":null,"sampleValue":{"value":"Sleep-Wake Transition Disorders"}},{"synonyms":null,"sampleValue":{"value":"Thinness"}},{"synonyms":null,"sampleValue":{"value":"Sleep Disorders"}},{"synonyms":null,"sampleValue":{"value":"Low Back Pain"}},{"synonyms":null,"sampleValue":{"value":"Deaf-Blind Disorders"}},{"synonyms":null,"sampleValue":{"value":"Hyperesthesia"}},{"synonyms":null,"sampleValue":{"value":"Musculoskeletal Pain"}},{"synonyms":null,"sampleValue":{"value":"Menkes Kinky Hair Syndrome"}},{"synonyms":null,"sampleValue":{"value":"Urinary Incontinence, Urge"}},{"synonyms":null,"sampleValue":{"value":"Neuromuscular Manifestations"}},{"synonyms":null,"sampleValue":{"value":"Hearing Loss, High-Frequency"}},{"synonyms":null,"sampleValue":{"value":"Bulimia"}},{"synonyms":null,"sampleValue":{"value":"Korsakoff Syndrome"}},{"synonyms":null,"sampleValue":{"value":"Sensation Disorders"}},{"synonyms":null,"sampleValue":{"value":"Cyanosis"}},{"synonyms":null,"sampleValue":{"value":"Williams Syndrome"}},{"synonyms":null,"sampleValue":{"value":"Hearing Loss, Noise-Induced"}},{"synonyms":null,"sampleValue":{"value":"Hearing Loss, Bilateral"}},{"synonyms":null,"sampleValue":{"value":"Retinal Hemorrhage"}},{"synonyms":null,"sampleValue":{"value":"Spinocerebellar Ataxias"}},{"synonyms":null,"sampleValue":{"value":"Alkalosis, Respiratory"}},{"synonyms":null,"sampleValue":{"value":"Lesch-Nyhan Syndrome"}},{"synonyms":null,"sampleValue":{"value":"Dyslexia, Acquired"}},{"synonyms":null,"sampleValue":{"value":"Cardiac Output, Low"}},{"synonyms":null,"sampleValue":{"value":"Sleep Initiation and Maintenance Disorders"}},{"synonyms":null,"sampleValue":{"value":"Necrolytic Migratory Erythema"}},{"synonyms":null,"sampleValue":{"value":"Ophthalmoplegia"}},{"synonyms":null,"sampleValue":{"value":"Hypokinesia"}},{"synonyms":null,"sampleValue":{"value":"Olfaction Disorders"}},{"synonyms":null,"sampleValue":{"value":"Ideal Body Weight"}},{"synonyms":null,"sampleValue":{"value":"Muscle Weakness"}},{"synonyms":null,"sampleValue":{"value":"Fetal Distress"}},{"synonyms":null,"sampleValue":{"value":"Muscle Cramp"}},{"synonyms":null,"sampleValue":{"value":"Postoperative Nausea and Vomiting"}},{"synonyms":null,"sampleValue":{"value":"Birth Weight"}},{"synonyms":null,"sampleValue":{"value":"Oral Manifestations"}},{"synonyms":null,"sampleValue":{"value":"Chest Pain"}},{"synonyms":null,"sampleValue":{"value":"Signs and Symptoms, Respiratory"}},{"synonyms":null,"sampleValue":{"value":"Glycogen Storage Disease Type IIb"}},{"synonyms":null,"sampleValue":{"value":"Flushing"}},{"synonyms":null,"sampleValue":{"value":"Mental Retardation, X-Linked"}},{"synonyms":null,"sampleValue":{"value":"Flatulence"}},{"synonyms":null,"sampleValue":{"value":"Diarrhea, Infantile"}},{"synonyms":null,"sampleValue":{"value":"Oral Hemorrhage"}},{"synonyms":null,"sampleValue":{"value":"Muscular Atrophy"}},{"synonyms":null,"sampleValue":{"value":"Hearing Loss, Sensorineural"}},{"synonyms":null,"sampleValue":{"value":"Purpura, Thrombocytopenic, Idiopathic"}},{"synonyms":null,"sampleValue":{"value":"Angina, Unstable"}},{"synonyms":null,"sampleValue":{"value":"Benign Paroxysmal Positional Vertigo"}},{"synonyms":null,"sampleValue":{"value":"Fasciculation"}},{"synonyms":null,"sampleValue":{"value":"Paraparesis, Spastic"}},{"synonyms":null,"sampleValue":{"value":"Vision, Low"}},{"synonyms":null,"sampleValue":{"value":"Memory Disorders"}},{"synonyms":null,"sampleValue":{"value":"De Lange Syndrome"}},{"synonyms":null,"sampleValue":{"value":"Hyperoxia"}},{"synonyms":null,"sampleValue":{"value":"Nocturnal Myoclonus Syndrome"}},{"synonyms":null,"sampleValue":{"value":"Mutism"}},{"synonyms":null,"sampleValue":{"value":"Intermittent Claudication"}},{"synonyms":null,"sampleValue":{"value":"Heart Murmurs"}},{"synonyms":null,"sampleValue":{"value":"Hypergammaglobulinemia"}},{"synonyms":null,"sampleValue":{"value":"Illusions"}},{"synonyms":null,"sampleValue":{"value":"Fragile X Syndrome"}},{"synonyms":null,"sampleValue":{"value":"Fetal Macrosomia"}},{"synonyms":null,"sampleValue":{"value":"Slit Ventricle Syndrome"}},{"synonyms":null,"sampleValue":{"value":"Infantile Apparent Life-Threatening Event"}},{"synonyms":null,"sampleValue":{"value":"Metatarsalgia"}},{"synonyms":null,"sampleValue":{"value":"Anisocoria"}},{"synonyms":null,"sampleValue":{"value":"Neuralgia"}},{"synonyms":null,"sampleValue":{"value":"Body Weight"}},{"synonyms":null,"sampleValue":{"value":"Hypoventilation"}},{"synonyms":null,"sampleValue":{"value":"Amnesia, Transient Global"}},{"synonyms":null,"sampleValue":{"value":"Nausea"}},{"synonyms":null,"sampleValue":{"value":"Sleep Apnea, Obstructive"}},{"synonyms":null,"sampleValue":{"value":"Fever of Unknown Origin"}},{"synonyms":null,"sampleValue":{"value":"Shoulder Pain"}},{"synonyms":null,"sampleValue":{"value":"Neurologic Manifestations"}},{"synonyms":null,"sampleValue":{"value":"Pruritus"}},{"synonyms":null,"sampleValue":{"value":"Narcolepsy"}},{"synonyms":null,"sampleValue":{"value":"Gingival Hemorrhage"}},{"synonyms":null,"sampleValue":{"value":"Purpura"}},{"synonyms":null,"sampleValue":{"value":"Back Pain"}},{"synonyms":null,"sampleValue":{"value":"Cerebrospinal Fluid Otorrhea"}},{"synonyms":null,"sampleValue":{"value":"Cardiac Output, High"}},{"synonyms":null,"sampleValue":{"value":"Livedo Reticularis"}},{"synonyms":null,"sampleValue":{"value":"Obesity, Abdominal"}},{"synonyms":null,"sampleValue":{"value":"Sleep Paralysis"}},{"synonyms":null,"sampleValue":{"value":"Urological Manifestations"}},{"synonyms":null,"sampleValue":{"value":"Chorea Gravidarum"}},{"synonyms":null,"sampleValue":{"value":"Prostatism"}},{"synonyms":null,"sampleValue":{"value":"Pruritus Ani"}},{"synonyms":null,"sampleValue":{"value":"Hyperacusis"}},{"synonyms":null,"sampleValue":{"value":"Color Vision Defects"}},{"synonyms":null,"sampleValue":{"value":"Gastroparesis"}},{"synonyms":null,"sampleValue":{"value":"Hypercalciuria"}},{"synonyms":null,"sampleValue":{"value":"Angina Pectoris, Variant"}},{"synonyms":null,"sampleValue":{"value":"Language Development Disorders"}},{"synonyms":null,"sampleValue":{"value":"Alcohol Withdrawal Seizures"}},{"synonyms":null,"sampleValue":{"value":"Fever"}},{"synonyms":null,"sampleValue":{"value":"Vertigo"}},{"synonyms":null,"sampleValue":{"value":"Jaundice"}},{"synonyms":null,"sampleValue":{"value":"Torticollis"}},{"synonyms":null,"sampleValue":{"value":"Parasomnias"}},{"synonyms":null,"sampleValue":{"value":"Dyslexia"}},{"synonyms":null,"sampleValue":{"value":"Gait Apraxia"}},{"synonyms":null,"sampleValue":{"value":"Overweight"}},{"synonyms":null,"sampleValue":{"value":"Neurogenic Inflammation"}},{"synonyms":null,"sampleValue":{"value":"Apnea"}},{"synonyms":null,"sampleValue":{"value":"Breakthrough Pain"}},{"synonyms":null,"sampleValue":{"value":"Night Terrors"}},{"synonyms":null,"sampleValue":{"value":"Eye Pain"}},{"synonyms":null,"sampleValue":{"value":"Amnesia, Retrograde"}},{"synonyms":null,"sampleValue":{"value":"Quadriplegia"}},{"synonyms":null,"sampleValue":{"value":"Hearing Loss, Sudden"}},{"synonyms":null,"sampleValue":{"value":"Hemoglobinuria"}},{"synonyms":null,"sampleValue":{"value":"Hypotension, Orthostatic"}},{"synonyms":null,"sampleValue":{"value":"Reticulocytosis"}},{"synonyms":null,"sampleValue":{"value":"Eye Manifestations"}},{"synonyms":null,"sampleValue":{"value":"Photophobia"}},{"synonyms":null,"sampleValue":{"value":"Articulation Disorders"}},{"synonyms":null,"sampleValue":{"value":"Hypersomnolence, Idiopathic"}},{"synonyms":null,"sampleValue":{"value":"REM Sleep Parasomnias"}},{"synonyms":null,"sampleValue":{"value":"Ageusia"}},{"synonyms":null,"sampleValue":{"value":"Agnosia"}},{"synonyms":null,"sampleValue":{"value":"Sleep Deprivation"}},{"synonyms":null,"sampleValue":{"value":"Obesity Hypoventilation Syndrome"}},{"synonyms":null,"sampleValue":{"value":"Classical Lissencephalies and Subcortical Band Heterotopias"}},{"synonyms":null,"sampleValue":{"value":"Reflex, Abnormal"}},{"synonyms":null,"sampleValue":{"value":"Dystonia"}},{"synonyms":null,"sampleValue":{"value":"Causalgia"}},{"synonyms":null,"sampleValue":{"value":"Sleep Disorders, Circadian Rhythm"}},{"synonyms":null,"sampleValue":{"value":"Usher Syndromes"}},{"synonyms":null,"sampleValue":{"value":"Mental Fatigue"}},{"synonyms":null,"sampleValue":{"value":"Hearing Disorders"}},{"synonyms":null,"sampleValue":{"value":"Dyskinesia, Drug-Induced"}},{"synonyms":null,"sampleValue":{"value":"Night Blindness"}},{"synonyms":null,"sampleValue":{"value":"Respiratory Sounds"}},{"synonyms":null,"sampleValue":{"value":"Signs and Symptoms, Digestive"}},{"synonyms":null,"sampleValue":{"value":"Transient Tachypnea of the Newborn"}},{"synonyms":null,"sampleValue":{"value":"Mastodynia"}},{"synonyms":null,"sampleValue":{"value":"Hearing Loss"}},{"synonyms":null,"sampleValue":{"value":"Tetany"}},{"synonyms":null,"sampleValue":{"value":"Myalgia"}},{"synonyms":null,"sampleValue":{"value":"Psychomotor Disorders"}},{"synonyms":null,"sampleValue":{"value":"Hypercapnia"}},{"synonyms":null,"sampleValue":{"value":"Alice in Wonderland Syndrome"}},{"synonyms":null,"sampleValue":{"value":"Kleine-Levin Syndrome"}},{"synonyms":null,"sampleValue":{"value":"Hypothermia"}},{"synonyms":null,"sampleValue":{"value":"Adie Syndrome"}},{"synonyms":null,"sampleValue":{"value":"Obesity"}},{"synonyms":null,"sampleValue":{"value":"Purpura, Schoenlein-Henoch"}},{"synonyms":null,"sampleValue":{"value":"Diarrhea"}},{"synonyms":null,"sampleValue":{"value":"Susac Syndrome"}},{"synonyms":null,"sampleValue":{"value":"Paraparesis"}},{"synonyms":null,"sampleValue":{"value":"Amaurosis Fugax"}},{"synonyms":null,"sampleValue":{"value":"Skin Manifestations"}},{"synonyms":null,"sampleValue":{"value":"Weight Gain"}},{"synonyms":null,"sampleValue":{"value":"Psychomotor Agitation"}},{"synonyms":null,"sampleValue":{"value":"Orthostatic Intolerance"}},{"synonyms":null,"sampleValue":{"value":"Aging, Premature"}},{"synonyms":null,"sampleValue":{"value":"Striae Distensae"}},{"synonyms":null,"sampleValue":{"value":"Renal Colic"}},{"synonyms":null,"sampleValue":{"value":"Delirium"}},{"synonyms":null,"sampleValue":{"value":"Purpura, Thrombotic Thrombocytopenic"}},{"synonyms":null,"sampleValue":{"value":"Ecchymosis"}},{"synonyms":null,"sampleValue":{"value":"Hypocapnia"}},{"synonyms":null,"sampleValue":{"value":"Space Motion Sickness"}},{"synonyms":null,"sampleValue":{"value":"Prosopagnosia"}},{"synonyms":null,"sampleValue":{"value":"Pudendal Neuralgia"}},{"synonyms":null,"sampleValue":{"value":"Catatonia"}},{"synonyms":null,"sampleValue":{"value":"Optical Illusions"}},{"synonyms":null,"sampleValue":{"value":"REM Sleep Behavior Disorder"}},{"synonyms":null,"sampleValue":{"value":"Echolalia"}},{"synonyms":null,"sampleValue":{"value":"Pelvic Pain"}},{"synonyms":null,"sampleValue":{"value":"Glossalgia"}},{"synonyms":null,"sampleValue":{"value":"Aerophagy"}},{"synonyms":null,"sampleValue":{"value":"Dysuria"}},{"synonyms":null,"sampleValue":{"value":"Ophthalmoplegic Migraine"}},{"synonyms":null,"sampleValue":{"value":"Paresthesia"}},{"synonyms":null,"sampleValue":{"value":"Vomiting, Anticipatory"}},{"synonyms":null,"sampleValue":{"value":"Cheyne-Stokes Respiration"}},{"synonyms":null,"sampleValue":{"value":"Rubinstein-Taybi Syndrome"}},{"synonyms":null,"sampleValue":{"value":"Obesity, Morbid"}},{"synonyms":null,"sampleValue":{"value":"Piriformis Muscle Syndrome"}},{"synonyms":null,"sampleValue":{"value":"Pain Threshold"}},{"synonyms":null,"sampleValue":{"value":"Vitreous Hemorrhage"}},{"synonyms":null,"sampleValue":{"value":"Cerebellar Ataxia"}},{"synonyms":null,"sampleValue":{"value":"Language Disorders"}},{"synonyms":null,"sampleValue":{"value":"Mydriasis"}},{"synonyms":null,"sampleValue":{"value":"Machado-Joseph Disease"}},{"synonyms":null,"sampleValue":{"value":"Unconsciousness"}},{"synonyms":null,"sampleValue":{"value":"Aphasia, Conduction"}},{"synonyms":null,"sampleValue":{"value":"Hearing Loss, Functional"}},{"synonyms":null,"sampleValue":{"value":"Vomiting"}},{"synonyms":null,"sampleValue":{"value":"Respiratory Paralysis"}},{"synonyms":null,"sampleValue":{"value":"Sleep Apnea Syndromes"}},{"synonyms":null,"sampleValue":{"value":"Neuralgia, Postherpetic"}},{"synonyms":null,"sampleValue":{"value":"Myoclonus"}},{"synonyms":null,"sampleValue":{"value":"Microvascular Angina"}},{"synonyms":null,"sampleValue":{"value":"Muscle Hypotonia"}},{"synonyms":null,"sampleValue":{"value":"Jaundice, Obstructive"}},{"synonyms":null,"sampleValue":{"value":"Abdomen, Acute"}},{"synonyms":null,"sampleValue":{"value":"Mevalonate Kinase Deficiency"}},{"synonyms":null,"sampleValue":{"value":"Paraplegia"}},{"synonyms":null,"sampleValue":{"value":"Aphasia"}},{"synonyms":null,"sampleValue":{"value":"Vocal Cord Paralysis"}},{"synonyms":null,"sampleValue":{"value":"Edema, Cardiac"}},{"synonyms":null,"sampleValue":{"value":"Halitosis"}},{"synonyms":null,"sampleValue":{"value":"Blindness, Cortical"}},{"synonyms":null,"sampleValue":{"value":"Morning Sickness"}},{"synonyms":null,"sampleValue":{"value":"Neck Pain"}},{"synonyms":null,"sampleValue":{"value":"Pseudobulbar Palsy"}},{"synonyms":null,"sampleValue":{"value":"Stupor"}},{"synonyms":null,"sampleValue":{"value":"Hearing Loss, Unilateral"}},{"synonyms":null,"sampleValue":{"value":"Blindness"}},{"synonyms":null,"sampleValue":{"value":"Athetosis"}},{"synonyms":null,"sampleValue":{"value":"Intellectual Disability"}},{"synonyms":null,"sampleValue":{"value":"Pseudophakia"}},{"synonyms":null,"sampleValue":{"value":"Gagging"}},{"synonyms":null,"sampleValue":{"value":"Huntington Disease"}},{"synonyms":null,"sampleValue":{"value":"Neuroacanthocytosis"}},{"synonyms":null,"sampleValue":{"value":"Headache"}},{"synonyms":null,"sampleValue":{"value":"Anorexia"}},{"synonyms":null,"sampleValue":{"value":"Lipoid Proteinosis of Urbach and Wiethe"}},{"synonyms":null,"sampleValue":{"value":"Hyperventilation"}},{"synonyms":null,"sampleValue":{"value":"Confusion"}},{"synonyms":null,"sampleValue":{"value":"Hiccup"}},{"synonyms":null,"sampleValue":{"value":"Muscle Hypertonia"}},{"synonyms":null,"sampleValue":{"value":"Paralysis"}},{"synonyms":null,"sampleValue":{"value":"Anomia"}},{"synonyms":null,"sampleValue":{"value":"Amnesia, Anterograde"}},{"synonyms":null,"sampleValue":{"value":"Restless Legs Syndrome"}},{"synonyms":null,"sampleValue":{"value":"Acute Pain"}},{"synonyms":null,"sampleValue":{"value":"Disorders of Excessive Somnolence"}},{"synonyms":null,"sampleValue":{"value":"Alcohol Amnestic Disorder"}},{"synonyms":null,"sampleValue":{"value":"Pain, Intractable"}},{"synonyms":null,"sampleValue":{"value":"Purpura Fulminans"}},{"synonyms":null,"sampleValue":{"value":"Gerstmann Syndrome"}},{"synonyms":null,"sampleValue":{"value":"Aphasia, Primary Progressive"}},{"synonyms":null,"sampleValue":{"value":"Pupil Disorders"}},{"synonyms":null,"sampleValue":{"value":"Body Temperature Changes"}},{"synonyms":null,"sampleValue":{"value":"Angina, Stable"}},{"synonyms":null,"sampleValue":{"value":"Pelvic Girdle Pain"}},{"synonyms":null,"sampleValue":{"value":"Psychophysiologic Disorders"}},{"synonyms":null,"sampleValue":{"value":"Syncope, Vasovagal"}},{"synonyms":null,"sampleValue":{"value":"Sleep Bruxism"}},{"synonyms":null,"sampleValue":{"value":"Hypertriglyceridemic Waist"}},{"synonyms":null,"sampleValue":{"value":"Snoring"}},{"synonyms":null,"sampleValue":{"value":"Cerebrospinal Fluid Rhinorrhea"}},{"synonyms":null,"sampleValue":{"value":"Nociceptive Pain"}},{"synonyms":null,"sampleValue":{"value":"Angina Pectoris"}},{"synonyms":null,"sampleValue":{"value":"Edema"}},{"synonyms":null,"sampleValue":{"value":"Cataplexy"}},{"synonyms":null,"sampleValue":{"value":"Urinoma"}},{"synonyms":null,"sampleValue":{"value":"Cri-du-Chat Syndrome"}},{"synonyms":null,"sampleValue":{"value":"Down Syndrome"}},{"synonyms":null,"sampleValue":{"value":"Sweating Sickness"}},{"synonyms":null,"sampleValue":{"value":"Hallucinations"}},{"synonyms":null,"sampleValue":{"value":"Postural Orthostatic Tachycardia Syndrome"}},{"synonyms":null,"sampleValue":{"value":"Dyssomnias"}},{"synonyms":null,"sampleValue":{"value":"Diplopia"}},{"synonyms":null,"sampleValue":{"value":"Amblyopia"}},{"synonyms":null,"sampleValue":{"value":"Spasm"}},{"synonyms":null,"sampleValue":{"value":"Voice Disorders"}},{"synonyms":null,"sampleValue":{"value":"Proteinuria"}},{"synonyms":null,"sampleValue":{"value":"Wolfram Syndrome"}},{"synonyms":null,"sampleValue":{"value":"Supranuclear Palsy, Progressive"}},{"synonyms":null,"sampleValue":{"value":"Taste Disorders"}},{"synonyms":null,"sampleValue":{"value":"Hyperphagia"}},{"synonyms":null,"sampleValue":{"value":"Anhedonia"}}],"parentSlotTypeSignature":null,"valueSelectionSetting":{"resolutionStrategy":"ORIGINAL_VALUE","regexFilter":null}}