{"name":"readingType","identifier":"169P40BQKR","description":null,"slotTypeValues":[{"synonyms":null,"sampleValue":{"value":"albumin"}},{"synonyms":null,"sampleValue":{"value":"bilirubin"}},{"synonyms":[{"value":"blood urea nitrogen"}],"sampleValue":{"value":"BUN"}},{"synonyms":null,"sampleValue":{"value":"calcium"}},{"synonyms":null,"sampleValue":{"value":"creatinine"}},{"synonyms":null,"sampleValue":{"value":"glucose"}},{"synonyms":null,"sampleValue":{"value":"bicarbonate"}},{"synonyms":null,"sampleValue":{"value":"TotalCO2"}},{"synonyms":null,"sampleValue":{"value":"hematocrit"}},{"synonyms":null,"sampleValue":{"value":"hemoglobin"}},{"synonyms":[{"value":"international normalized ratio"}],"sampleValue":{"value":"INR"}},{"synonyms":null,"sampleValue":{"value":"lactate"}},{"synonyms":null,"sampleValue":{"value":"platelets"}},{"synonyms":null,"sampleValue":{"value":"potassium"}},{"synonyms":[{"value":"partial thromboplastin time"}],"sampleValue":{"value":"ptt"}},{"synonyms":null,"sampleValue":{"value":"sodium"}},{"synonyms":[{"value":"white blood cells"}],"sampleValue":{"value":"wbc"}},{"synonyms":null,"sampleValue":{"value":"bands"}},{"synonyms":[{"value":"alanine aminotransferase test"}],"sampleValue":{"value":"alt"}},{"synonyms":[{"value":"aspartate aminotransferase test"}],"sampleValue":{"value":"ast"}},{"synonyms":[{"value":"alkaline phosphatase"}],"sampleValue":{"value":"alp"}}],"parentSlotTypeSignature":null,"valueSelectionSetting":{"resolutionStrategy":"TOP_RESOLUTION","regexFilter":null}}