{"name":"count","identifier":"ALWXYLZZRF","description":null,"slotTypeName":"AMAZON.Number","obfuscationSetting":null,"valueElicitationSetting":{"waitAndContinueSpecification":null,"promptSpecification":{"messageGroupsList":[{"message":{"ssmlMessage":null,"customPayload":null,"plainTextMessage":{"value":"1"},"imageResponseCard":null},"variations":null}],"maxRetries":4,"allowInterrupt":true},"slotConstraint":"Optional","defaultValueSpecification":{"defaultValueList":[{"defaultValue":"#contextCountICUVisit.count"}]},"sampleUtterances":null},"multipleValuesSetting":null}