{"name":"AskForPathogen","identifier":"65VOA8XANH","description":"Ask for pathogen","parentIntentSignature":null,"sampleUtterances":[{"utterance":"What bug causes {disease_name}"},{"utterance":"Which organism causes {disease_name}"}],"intentConfirmationSetting":null,"intentClosingSetting":null,"inputContexts":null,"outputContexts":null,"kendraConfiguration":null,"dialogCodeHook":null,"fulfillmentCodeHook":{"postFulfillmentStatusSpecification":null,"fulfillmentUpdatesSpecification":null,"enabled":true},"slotPriorities":[{"priority":1,"slotName":"disease_name"}]}