{"name":"ResetEverything","identifier":"BSRSJAQSJB","description":null,"parentIntentSignature":null,"sampleUtterances":[{"utterance":"Reset everything"},{"utterance":"Forget this conversation"},{"utterance":"Let's start over"},{"utterance":"Reset yourself"},{"utterance":"Clean the slate"},{"utterance":"Let's talk about a new patient"}],"intentConfirmationSetting":null,"intentClosingSetting":null,"inputContexts":null,"outputContexts":null,"kendraConfiguration":null,"dialogCodeHook":null,"fulfillmentCodeHook":{"postFulfillmentStatusSpecification":{"failureResponse":null,"successResponse":{"messageGroupsList":[{"message":{"ssmlMessage":null,"customPayload":null,"plainTextMessage":{"value":"OK, ready for a new conversation."},"imageResponseCard":null},"variations":null}],"allowInterrupt":true},"timeoutResponse":null},"fulfillmentUpdatesSpecification":null,"enabled":false},"slotPriorities":[{"priority":2,"slotName":"count"},{"priority":3,"slotName":"lab"},{"priority":1,"slotName":"name"}]}