{"name":"name","identifier":"GRO9XFKCMA","description":null,"slotTypeName":"AMAZON.AlphaNumeric","obfuscationSetting":null,"valueElicitationSetting":{"waitAndContinueSpecification":null,"promptSpecification":{"messageGroupsList":[{"message":{"ssmlMessage":null,"customPayload":null,"plainTextMessage":{"value":"Which patient please?"},"imageResponseCard":null},"variations":null}],"maxRetries":4,"allowInterrupt":true},"slotConstraint":"Required","defaultValueSpecification":{"defaultValueList":[{"defaultValue":"#contextProvideName.name"},{"defaultValue":"#contextCheckFirstICUVisit.name"},{"defaultValue":"#contextCountICUVisit.name"}]},"sampleUtterances":null},"multipleValuesSetting":null}