{"name":"RecommendTreatment","identifier":"DSSGDKGPCJ","description":null,"parentIntentSignature":null,"sampleUtterances":[{"utterance":"Recommend treatment"},{"utterance":"Suggest treatment"},{"utterance":"What kind of treatment do you suggest?"}],"intentConfirmationSetting":null,"intentClosingSetting":null,"inputContexts":[{"name":"contextProvideName","turnsToLive":null,"timeToLiveInSeconds":null}],"outputContexts":null,"kendraConfiguration":null,"dialogCodeHook":null,"fulfillmentCodeHook":{"postFulfillmentStatusSpecification":{"failureResponse":{"messageGroupsList":[{"message":{"ssmlMessage":null,"customPayload":null,"plainTextMessage":{"value":"I don't have a treatment suggestion for this patient."},"imageResponseCard":null},"variations":null}],"allowInterrupt":true},"successResponse":{"messageGroupsList":[{"message":{"ssmlMessage":null,"customPayload":null,"plainTextMessage":{"value":"There is my treatment suggestion."},"imageResponseCard":null},"variations":null}],"allowInterrupt":true},"timeoutResponse":null},"fulfillmentUpdatesSpecification":null,"enabled":true},"slotPriorities":[{"priority":1,"slotName":"name"}]}