{"name":"CheckLastDiagnosis","identifier":"DDZ8QNTNA2","description":"ask for the last diagnosis of a patient","parentIntentSignature":null,"sampleUtterances":[{"utterance":"What was the his last {count} diagnosis?"},{"utterance":"Tell me the diagnosis of his last {count} ICU visits."},{"utterance":"This name visited the ICU {count} before, what were the diagnoses?"},{"utterance":"This {name} visited the ICU before, what was the diagnosis?"},{"utterance":"Why was he in ICU the last {count} times?"},{"utterance":"The reason of his last {count} ICU visits?"},{"utterance":"The cause of his last {count} ICU visits?"},{"utterance":"What was the patient's previous diagnosis?"}],"intentConfirmationSetting":null,"intentClosingSetting":null,"inputContexts":[{"name":"contextCheckFirstICUVisit","turnsToLive":null,"timeToLiveInSeconds":null},{"name":"contextCountICUVisit","turnsToLive":null,"timeToLiveInSeconds":null},{"name":"contextProvideName","turnsToLive":null,"timeToLiveInSeconds":null}],"outputContexts":[{"name":"contextCheckLastDiagnosis","turnsToLive":5,"timeToLiveInSeconds":90}],"kendraConfiguration":null,"dialogCodeHook":{"enabled":false},"fulfillmentCodeHook":{"postFulfillmentStatusSpecification":{"failureResponse":{"messageGroupsList":[{"message":{"ssmlMessage":null,"customPayload":null,"plainTextMessage":{"value":"Sorry, I cannot find this patient's record"},"imageResponseCard":null},"variations":null}],"allowInterrupt":true},"successResponse":null,"timeoutResponse":null},"fulfillmentUpdatesSpecification":null,"enabled":true},"slotPriorities":[{"priority":1,"slotName":"count"},{"priority":2,"slotName":"name"}]}