{"name":"AskForDrug","identifier":"MQNATDPVIB","description":"Ask doctor.ai for drug that treats a certain disease","parentIntentSignature":null,"sampleUtterances":[{"utterance":"Which drug treats {diseaseName}"},{"utterance":"Which medicine treats {diseaseName}"},{"utterance":"Are there any medicines that we can use against {diseaseName}"},{"utterance":"Tell me the medicine against {diseaseName}"},{"utterance":"Tell me the drug against {diseaseName}"}],"intentConfirmationSetting":null,"intentClosingSetting":null,"inputContexts":null,"outputContexts":null,"kendraConfiguration":null,"dialogCodeHook":null,"fulfillmentCodeHook":{"postFulfillmentStatusSpecification":null,"fulfillmentUpdatesSpecification":null,"enabled":true},"slotPriorities":[{"priority":1,"slotName":"diseaseName"}]}