{"name":"AskForLabReadings","identifier":"JZG4MYXAJT","description":"Ask for the values of lab measurements","parentIntentSignature":null,"sampleUtterances":[{"utterance":"Ask for {name} {lab} readings"},{"utterance":"What were the {name} {lab} results?"},{"utterance":"What were {name} last {lab} readings?"},{"utterance":"Please tell me about {name} last {lab} results."},{"utterance":"What were his last {lab} measurements?"},{"utterance":"What were his {lab} numbers?"},{"utterance":"What was his {lab} level?"}],"intentConfirmationSetting":null,"intentClosingSetting":null,"inputContexts":[{"name":"contextCheckFirstICUVisit","turnsToLive":null,"timeToLiveInSeconds":null},{"name":"contextCountICUVisit","turnsToLive":null,"timeToLiveInSeconds":null},{"name":"contextProvideName","turnsToLive":null,"timeToLiveInSeconds":null}],"outputContexts":[{"name":"contextAskForLabReadings","turnsToLive":5,"timeToLiveInSeconds":90}],"kendraConfiguration":null,"dialogCodeHook":{"enabled":false},"fulfillmentCodeHook":{"postFulfillmentStatusSpecification":{"failureResponse":{"messageGroupsList":[{"message":{"ssmlMessage":null,"customPayload":null,"plainTextMessage":{"value":"Sorry, I cannot find this patient's record"},"imageResponseCard":null},"variations":null}],"allowInterrupt":true},"successResponse":{"messageGroupsList":[{"message":{"ssmlMessage":null,"customPayload":null,"plainTextMessage":{"value":"OK"},"imageResponseCard":null},"variations":null}],"allowInterrupt":true},"timeoutResponse":null},"fulfillmentUpdatesSpecification":null,"enabled":true},"slotPriorities":[{"priority":2,"slotName":"count"},{"priority":1,"slotName":"name"},{"priority":3,"slotName":"lab"}]}