{"name":"AskPatientRecord","identifier":"T2LXHHYYAU","description":null,"parentIntentSignature":null,"sampleUtterances":[{"utterance":"Hello, this is {name} . Does {patient_name} have Staphylococcus aureus?"}],"intentConfirmationSetting":null,"intentClosingSetting":null,"inputContexts":null,"outputContexts":null,"kendraConfiguration":null,"dialogCodeHook":null,"fulfillmentCodeHook":{"postFulfillmentStatusSpecification":{"failureResponse":{"messageGroupsList":[{"message":{"ssmlMessage":null,"customPayload":null,"plainTextMessage":{"value":"Sorry, you are not authorized to view {patient_name} 's record."},"imageResponseCard":null},"variations":null}],"allowInterrupt":true},"successResponse":null,"timeoutResponse":null},"fulfillmentUpdatesSpecification":null,"enabled":true},"slotPriorities":[{"priority":2,"slotName":"patient_name"},{"priority":1,"slotName":"name"}]}